epoch;loss;lr;val_loss
0;0.0012205810053274035;0.001;0.00012198253534734249
1;9.057173883775249e-05;0.001;9.767061419552192e-05
