{"ANGLE_TARGET": 0, "ANGLE_KP": 574.5935921717171, "ANGLE_KI": 0, "ANGLE_KD": 574.5935921717171, "POSITION_KP": 1.5911608690461705, "POSITION_KI": 0, "POSITION_KD": 23.867413035692557}