{"ANGLE_TARGET": 2061, "ANGLE_KP": 271.0, "ANGLE_KD": 174.0, "POSITION_TARGET": -1.300171673896997, "POSITION_KP": 70606, "POSITION_KD": 529545.454545455, "ANGLE_SMOOTHING": 1.0, "POSITION_SMOOTHING": 0.5}