{"ANGLE_TARGET": 0.0, "ANGLE_KP": 176664.5333110933, "ANGLE_KD": 113430.36456136618, "POSITION_KP": 70606, "POSITION_KD": 529545.454545455, "ANGLE_SMOOTHING": 0.8, "POSITION_SMOOTHING": 0.5}