epoch;loss;lr;val_loss
0;0.05180377513170242;0.001;0.00553977070376277
1;0.0036239251494407654;0.001;0.0036247852258384228
