epoch;loss;lr;val_loss
0;45.937007904052734;0.001;5.738164901733398
1;3.8265554904937744;0.001;4.1462836265563965
